,Unnamed: 0.2,Unnamed: 0.1,Unnamed: 0,Sub-subheading,Subheading,Main Heading,Links,Full Links,clean_articles
0,0,0,0,Wuhan lab origin,Wuhan lab origin,Virus origin,"['/wiki/COVID-19_lab_leak_theory', '/wiki/Severe_acute_respiratory_syndrome_coronavirus_2', '/wiki/COVID-19']","['https://en.wikipedia.org/wiki/COVID-19_lab_leak_theory', 'https://en.wikipedia.org/wiki/Severe_acute_respiratory_syndrome_coronavirus_2', 'https://en.wikipedia.org/wiki/COVID-19']",[]
1,1,1,1,Bio-weapon,Wuhan lab origin,Virus origin,"['/wiki/Israeli_secret_service', '/wiki/The_Washington_Times', '/wiki/Biosafety_level_4', '/wiki/Wuhan_Institute_of_Virology', '/wiki/Li-Meng_Yan', '/wiki/Preprint', '/wiki/Steve_Bannon', '/wiki/Guo_Wengui', '/wiki/Expatriate', '/wiki/Anti-Chinese_sentiment', '/wiki/Echo_chamber_(media)', '/wiki/Plandemic', '/wiki/The_Epoch_Times', '/wiki/Chinese_Communist_Party', '/wiki/Falun_Gong', '/wiki/Misinformation_related_to_the_COVID-19_pandemic#Misinformation_regarding_virus_origin', '/wiki/Severe_acute_respiratory_syndrome_coronavirus_2', '/wiki/Chinese_Communist_Party', '/wiki/Fort_Detrick', '/wiki/Andrew_Bridgen']","['https://en.wikipedia.org/wiki/Israeli_secret_service', 'https://en.wikipedia.org/wiki/The_Washington_Times', 'https://en.wikipedia.org/wiki/Biosafety_level_4', 'https://en.wikipedia.org/wiki/Wuhan_Institute_of_Virology', 'https://en.wikipedia.org/wiki/Li-Meng_Yan', 'https://en.wikipedia.org/wiki/Preprint', 'https://en.wikipedia.org/wiki/Steve_Bannon', 'https://en.wikipedia.org/wiki/Guo_Wengui', 'https://en.wikipedia.org/wiki/Expatriate', 'https://en.wikipedia.org/wiki/Anti-Chinese_sentiment', 'https://en.wikipedia.org/wiki/Echo_chamber_(media)', 'https://en.wikipedia.org/wiki/Plandemic', 'https://en.wikipedia.org/wiki/The_Epoch_Times', 'https://en.wikipedia.org/wiki/Chinese_Communist_Party', 'https://en.wikipedia.org/wiki/Falun_Gong', 'https://en.wikipedia.org/wiki/Misinformation_related_to_the_COVID-19_pandemic#Misinformation_regarding_virus_origin', 'https://en.wikipedia.org/wiki/Severe_acute_respiratory_syndrome_coronavirus_2', 'https://en.wikipedia.org/wiki/Chinese_Communist_Party', 'https://en.wikipedia.org/wiki/Fort_Detrick', 'https://en.wikipedia.org/wiki/Andrew_Bridgen']","['/wiki/Biosafety_level_4', '/wiki/Wuhan_Institute_of_Virology', '/wiki/Steve_Bannon', '/wiki/Anti-Chinese_sentiment', '/wiki/Echo_chamber_(media)', '/wiki/Plandemic']"
2,2,2,2,Gain-of-function research,Wuhan lab origin,Virus origin,"['/wiki/Gain-of-function_research', '/wiki/Angela_Rasmussen', '/wiki/Tucker_Carlson', '/wiki/Nicholas_Wade', '/wiki/Rand_Paul', '/wiki/Ralph_Baric', '/wiki/Francis_Collins', '/wiki/Chimeric_virus']","['https://en.wikipedia.org/wiki/Gain-of-function_research', 'https://en.wikipedia.org/wiki/Angela_Rasmussen', 'https://en.wikipedia.org/wiki/Tucker_Carlson', 'https://en.wikipedia.org/wiki/Nicholas_Wade', 'https://en.wikipedia.org/wiki/Rand_Paul', 'https://en.wikipedia.org/wiki/Ralph_Baric', 'https://en.wikipedia.org/wiki/Francis_Collins', 'https://en.wikipedia.org/wiki/Chimeric_virus']",['/wiki/Nicholas_Wade']
3,3,3,3,Accidental release of collected sample,Wuhan lab origin,Virus origin,"['/wiki/Tedros_Adhanom_Ghebreyesus', '/wiki/Science_(journal)']","['https://en.wikipedia.org/wiki/Tedros_Adhanom_Ghebreyesus', 'https://en.wikipedia.org/wiki/Science_(journal)']",['/wiki/Science_(journal)']
4,4,4,4,Stolen from Canadian lab,Stolen from Canadian lab,Virus origin,"['/wiki/Health_Canada', '/wiki/Public_Health_Agency_of_Canada', '/wiki/Canadian_Broadcasting_Corporation', '/wiki/National_Microbiology_Laboratory', '/wiki/Biosafety_level#Biosafety_level_4', '/wiki/Royal_Canadian_Mounted_Police', '/wiki/NATO', '/wiki/Jens_Stoltenberg']","['https://en.wikipedia.org/wiki/Health_Canada', 'https://en.wikipedia.org/wiki/Public_Health_Agency_of_Canada', 'https://en.wikipedia.org/wiki/Canadian_Broadcasting_Corporation', 'https://en.wikipedia.org/wiki/National_Microbiology_Laboratory', 'https://en.wikipedia.org/wiki/Biosafety_level#Biosafety_level_4', 'https://en.wikipedia.org/wiki/Royal_Canadian_Mounted_Police', 'https://en.wikipedia.org/wiki/NATO', 'https://en.wikipedia.org/wiki/Jens_Stoltenberg']","['/wiki/Health_Canada', '/wiki/Public_Health_Agency_of_Canada', '/wiki/Canadian_Broadcasting_Corporation', '/wiki/National_Microbiology_Laboratory']"
5,5,5,5,Accusations by China,Accusations by China,Virus origin,"['/wiki/COVID-19_misinformation_by_China', '/wiki/Cyberwarfare_by_China', '/wiki/Propaganda_in_China', '/wiki/Chinese_information_operations_and_information_warfare', '/wiki/The_Economist', '/wiki/ProPublica', '/wiki/China_News_Service', '/wiki/United_Front_Work_Department', '/wiki/Global_Times', '/wiki/Xinhua_News_Agency', '/wiki/NBC_News', '/wiki/Zhao_Lijian', '/wiki/Geng_Shuang', '/wiki/2019_Military_World_Games', '/wiki/Influenza-like_illness', '/wiki/Road_bicycle_racing', '/wiki/Hua_Chunying', '/wiki/United_States_biological_weapons_program', '/wiki/Fort_Detrick', '/wiki/Foreign_Policy', '/wiki/Zhao_Lijian']","['https://en.wikipedia.org/wiki/COVID-19_misinformation_by_China', 'https://en.wikipedia.org/wiki/Cyberwarfare_by_China', 'https://en.wikipedia.org/wiki/Propaganda_in_China', 'https://en.wikipedia.org/wiki/Chinese_information_operations_and_information_warfare', 'https://en.wikipedia.org/wiki/The_Economist', 'https://en.wikipedia.org/wiki/ProPublica', 'https://en.wikipedia.org/wiki/China_News_Service', 'https://en.wikipedia.org/wiki/United_Front_Work_Department', 'https://en.wikipedia.org/wiki/Global_Times', 'https://en.wikipedia.org/wiki/Xinhua_News_Agency', 'https://en.wikipedia.org/wiki/NBC_News', 'https://en.wikipedia.org/wiki/Zhao_Lijian', 'https://en.wikipedia.org/wiki/Geng_Shuang', 'https://en.wikipedia.org/wiki/2019_Military_World_Games', 'https://en.wikipedia.org/wiki/Influenza-like_illness', 'https://en.wikipedia.org/wiki/Road_bicycle_racing', 'https://en.wikipedia.org/wiki/Hua_Chunying', 'https://en.wikipedia.org/wiki/United_States_biological_weapons_program', 'https://en.wikipedia.org/wiki/Fort_Detrick', 'https://en.wikipedia.org/wiki/Foreign_Policy', 'https://en.wikipedia.org/wiki/Zhao_Lijian']","['/wiki/Propaganda_in_China', '/wiki/Chinese_information_operations_and_information_warfare', '/wiki/China_News_Service', '/wiki/Xinhua_News_Agency', '/wiki/NBC_News', '/wiki/Influenza-like_illness', '/wiki/Hua_Chunying', '/wiki/United_States_biological_weapons_program']"
6,6,6,6,Accusations by Russia,Accusations by Russia,Virus origin,"['/wiki/Cyberwarfare_by_Russia', '/wiki/Propaganda_in_the_Russian_Federation', '/wiki/Instagram', '/wiki/CIA', '/wiki/2022_Russian_invasion_of_Ukraine', '/wiki/Joe_Biden', '/wiki/Hunter_Biden', '/wiki/George_Soros', '/wiki/Tucker_Carlson']","['https://en.wikipedia.org/wiki/Cyberwarfare_by_Russia', 'https://en.wikipedia.org/wiki/Propaganda_in_the_Russian_Federation', 'https://en.wikipedia.org/wiki/Instagram', 'https://en.wikipedia.org/wiki/CIA', 'https://en.wikipedia.org/wiki/2022_Russian_invasion_of_Ukraine', 'https://en.wikipedia.org/wiki/Joe_Biden', 'https://en.wikipedia.org/wiki/Hunter_Biden', 'https://en.wikipedia.org/wiki/George_Soros', 'https://en.wikipedia.org/wiki/Tucker_Carlson']","['/wiki/Cyberwarfare_by_Russia', '/wiki/Propaganda_in_the_Russian_Federation', '/wiki/Instagram', '/wiki/CIA']"
7,7,7,7,Accusations by other countries,Accusations by other countries,Virus origin,"['/wiki/Middle_East_Media_Research_Institute', '/wiki/YouGov', '/wiki/Reza_Malekzadeh', '/wiki/Qom', '/wiki/Donald_Trump', '/wiki/Reza_Malekzadeh', '/wiki/USCENTCOM', '/wiki/Globsec', '/wiki/Eastern_Europe']","['https://en.wikipedia.org/wiki/Middle_East_Media_Research_Institute', 'https://en.wikipedia.org/wiki/YouGov', 'https://en.wikipedia.org/wiki/Reza_Malekzadeh', 'https://en.wikipedia.org/wiki/Qom', 'https://en.wikipedia.org/wiki/Donald_Trump', 'https://en.wikipedia.org/wiki/Reza_Malekzadeh', 'https://en.wikipedia.org/wiki/USCENTCOM', 'https://en.wikipedia.org/wiki/Globsec', 'https://en.wikipedia.org/wiki/Eastern_Europe']","['/wiki/Middle_East_Media_Research_Institute', '/wiki/YouGov', '/wiki/Qom', '/wiki/USCENTCOM', '/wiki/Eastern_Europe']"
8,8,8,8,Jewish origin,Jewish origin,Virus origin,['/wiki/Antisemitic_canard'],['https://en.wikipedia.org/wiki/Antisemitic_canard'],['/wiki/Antisemitic_canard']
9,9,9,9,In the Muslim world,Jewish origin,Virus origin,"['/wiki/Press_TV', '/wiki/Zionist', '/wiki/Avian_flu', '/wiki/SARS', '/wiki/Insider_trading', '/wiki/Crimean–Congo_hemorrhagic_fever', '/wiki/Fatih_Erbakan', '/wiki/COVID-19_vaccine', '/wiki/Naser_Makarem_Shirazi', '/wiki/Halal', '/wiki/Press_TV', '/wiki/Yeni_Akit', '/wiki/Compulsory_sterilization']","['https://en.wikipedia.org/wiki/Press_TV', 'https://en.wikipedia.org/wiki/Zionist', 'https://en.wikipedia.org/wiki/Avian_flu', 'https://en.wikipedia.org/wiki/SARS', 'https://en.wikipedia.org/wiki/Insider_trading', 'https://en.wikipedia.org/wiki/Crimean–Congo_hemorrhagic_fever', 'https://en.wikipedia.org/wiki/Fatih_Erbakan', 'https://en.wikipedia.org/wiki/COVID-19_vaccine', 'https://en.wikipedia.org/wiki/Naser_Makarem_Shirazi', 'https://en.wikipedia.org/wiki/Halal', 'https://en.wikipedia.org/wiki/Press_TV', 'https://en.wikipedia.org/wiki/Yeni_Akit', 'https://en.wikipedia.org/wiki/Compulsory_sterilization']","['/wiki/Zionist', '/wiki/Avian_flu', '/wiki/Crimean–Congo_hemorrhagic_fever', '/wiki/Naser_Makarem_Shirazi', '/wiki/Halal', '/wiki/Compulsory_sterilization']"
10,10,10,10,In the United States,Jewish origin,Virus origin,['/wiki/Federal_Bureau_of_Investigation'],['https://en.wikipedia.org/wiki/Federal_Bureau_of_Investigation'],[]
11,11,11,11,In Germany,Jewish origin,Virus origin,"['/wiki/Reichsbürger_movement', ""/wiki/2022_German_coup_d'état_plot"", '/wiki/Karl_Lauterbach']","['https://en.wikipedia.org/wiki/Reichsbürger_movement', ""https://en.wikipedia.org/wiki/2022_German_coup_d'état_plot"", 'https://en.wikipedia.org/wiki/Karl_Lauterbach']",['/wiki/Karl_Lauterbach']
12,12,12,12,In Britain,Jewish origin,Virus origin,['/wiki/University_of_Oxford'],['https://en.wikipedia.org/wiki/University_of_Oxford'],['/wiki/University_of_Oxford']
13,13,13,13,Muslims spreading virus,Muslims spreading virus,Virus origin,"['/wiki/2020_Tablighi_Jamaat_coronavirus_hotspot_in_Delhi', '/wiki/Tablighi_Jamaat', '/wiki/Patna']","['https://en.wikipedia.org/wiki/2020_Tablighi_Jamaat_coronavirus_hotspot_in_Delhi', 'https://en.wikipedia.org/wiki/Tablighi_Jamaat', 'https://en.wikipedia.org/wiki/Patna']",[]
14,14,14,14,Population-control scheme,Population-control scheme,Virus origin,"['/wiki/List_of_conspiracy_theories#RFID_chips', '/wiki/YouTuber', '/wiki/QAnon', '/wiki/Anti-vaccine_activism', '/wiki/Pirbright_Institute', '/wiki/Microsoft', '/wiki/Bill_Gates', '/wiki/Piers_Corbyn', '/wiki/Hilary_Jones_(doctor)', '/wiki/Good_Morning_Britain_(2014_TV_programme)']","['https://en.wikipedia.org/wiki/List_of_conspiracy_theories#RFID_chips', 'https://en.wikipedia.org/wiki/YouTuber', 'https://en.wikipedia.org/wiki/QAnon', 'https://en.wikipedia.org/wiki/Anti-vaccine_activism', 'https://en.wikipedia.org/wiki/Pirbright_Institute', 'https://en.wikipedia.org/wiki/Microsoft', 'https://en.wikipedia.org/wiki/Bill_Gates', 'https://en.wikipedia.org/wiki/Piers_Corbyn', 'https://en.wikipedia.org/wiki/Hilary_Jones_(doctor)', 'https://en.wikipedia.org/wiki/Good_Morning_Britain_(2014_TV_programme)']","['/wiki/YouTuber', '/wiki/Microsoft', '/wiki/Good_Morning_Britain_(2014_TV_programme)']"
15,15,15,15,5G,5G,Virus origin,"['/wiki/Wireless_device_radiation_and_health', '/wiki/Openreach', '/wiki/5G', '/wiki/Alternative_medicine', '/wiki/Medical_Board_of_California', '/wiki/COVID-19_pandemic_in_Africa', '/wiki/Cell_(biology)', '/wiki/Woody_Harrelson', '/wiki/John_Cusack', '/wiki/Keri_Hilson', '/wiki/Internet_Research_Agency', '/wiki/Saint_Petersburg,_Russia', '/wiki/Reuters', '/wiki/USA_Today', '/wiki/Full_Fact', '/wiki/American_Public_Health_Association', '/wiki/Georges_C._Benjamin', '/wiki/Mark_Steele_(conspiracy_theorist)', '/wiki/Kate_Shemirani', '/wiki/General_Medical_Council', '/wiki/NHS_England', '/wiki/Radio_wave', '/wiki/Dagenham', '/wiki/Huddersfield', '/wiki/NHS_Nightingale_Hospital_Birmingham', '/wiki/Garda_Síochána', '/wiki/County_Donegal', '/wiki/Michael_Gove', '/wiki/Vodafone_UK', '/wiki/O2_(UK)', '/wiki/Openreach', '/wiki/British_Telecom', '/wiki/David_Icke', '/wiki/Vimeo', '/wiki/London_Live_(TV_channel)', '/wiki/Ofcom', '/wiki/ITV_(TV_channel)', '/wiki/Eamonn_Holmes', '/wiki/This_Morning_(TV_programme)', '/wiki/The_Guardian', '/wiki/Luton', '/wiki/Bank_of_England', '/wiki/Bank_of_England_£20_note', '/wiki/SARS-CoV-2', '/wiki/Fact_checking', '/wiki/Margate_Lighthouse', '/wiki/Tate_Britain']","['https://en.wikipedia.org/wiki/Wireless_device_radiation_and_health', 'https://en.wikipedia.org/wiki/Openreach', 'https://en.wikipedia.org/wiki/5G', 'https://en.wikipedia.org/wiki/Alternative_medicine', 'https://en.wikipedia.org/wiki/Medical_Board_of_California', 'https://en.wikipedia.org/wiki/COVID-19_pandemic_in_Africa', 'https://en.wikipedia.org/wiki/Cell_(biology)', 'https://en.wikipedia.org/wiki/Woody_Harrelson', 'https://en.wikipedia.org/wiki/John_Cusack', 'https://en.wikipedia.org/wiki/Keri_Hilson', 'https://en.wikipedia.org/wiki/Internet_Research_Agency', 'https://en.wikipedia.org/wiki/Saint_Petersburg,_Russia', 'https://en.wikipedia.org/wiki/Reuters', 'https://en.wikipedia.org/wiki/USA_Today', 'https://en.wikipedia.org/wiki/Full_Fact', 'https://en.wikipedia.org/wiki/American_Public_Health_Association', 'https://en.wikipedia.org/wiki/Georges_C._Benjamin', 'https://en.wikipedia.org/wiki/Mark_Steele_(conspiracy_theorist)', 'https://en.wikipedia.org/wiki/Kate_Shemirani', 'https://en.wikipedia.org/wiki/General_Medical_Council', 'https://en.wikipedia.org/wiki/NHS_England', 'https://en.wikipedia.org/wiki/Radio_wave', 'https://en.wikipedia.org/wiki/Dagenham', 'https://en.wikipedia.org/wiki/Huddersfield', 'https://en.wikipedia.org/wiki/NHS_Nightingale_Hospital_Birmingham', 'https://en.wikipedia.org/wiki/Garda_Síochána', 'https://en.wikipedia.org/wiki/County_Donegal', 'https://en.wikipedia.org/wiki/Michael_Gove', 'https://en.wikipedia.org/wiki/Vodafone_UK', 'https://en.wikipedia.org/wiki/O2_(UK)', 'https://en.wikipedia.org/wiki/Openreach', 'https://en.wikipedia.org/wiki/British_Telecom', 'https://en.wikipedia.org/wiki/David_Icke', 'https://en.wikipedia.org/wiki/Vimeo', 'https://en.wikipedia.org/wiki/London_Live_(TV_channel)', 'https://en.wikipedia.org/wiki/Ofcom', 'https://en.wikipedia.org/wiki/ITV_(TV_channel)', 'https://en.wikipedia.org/wiki/Eamonn_Holmes', 'https://en.wikipedia.org/wiki/This_Morning_(TV_programme)', 'https://en.wikipedia.org/wiki/The_Guardian', 'https://en.wikipedia.org/wiki/Luton', 'https://en.wikipedia.org/wiki/Bank_of_England', 'https://en.wikipedia.org/wiki/Bank_of_England_£20_note', 'https://en.wikipedia.org/wiki/SARS-CoV-2', 'https://en.wikipedia.org/wiki/Fact_checking', 'https://en.wikipedia.org/wiki/Margate_Lighthouse', 'https://en.wikipedia.org/wiki/Tate_Britain']","['/wiki/Openreach', '/wiki/Alternative_medicine', '/wiki/Medical_Board_of_California', '/wiki/COVID-19_pandemic_in_Africa', '/wiki/Cell_(biology)', '/wiki/Saint_Petersburg', '/wiki/Reuters', '/wiki/Full_Fact', '/wiki/American_Public_Health_Association', '/wiki/General_Medical_Council', '/wiki/NHS_England', '/wiki/Radio_wave', '/wiki/Huddersfield', '/wiki/NHS_Nightingale_Hospital_Birmingham', '/wiki/County_Donegal', '/wiki/Vodafone_UK', '/wiki/Openreach', '/wiki/British_Telecom', '/wiki/Vimeo', '/wiki/Ofcom', '/wiki/ITV_(TV_channel)', '/wiki/Eamonn_Holmes', '/wiki/The_Guardian', '/wiki/Luton', '/wiki/Bank_of_England', '/wiki/Bank_of_England_£20_note', '/wiki/Margate_Lighthouse', '/wiki/Tate_Britain']"
16,16,16,16,American scientist selling virus to China,American scientist selling virus to China,Virus origin,"['/wiki/Charles_Lieber', '/wiki/Harvard_University', '/wiki/Reuters']","['https://en.wikipedia.org/wiki/Charles_Lieber', 'https://en.wikipedia.org/wiki/Harvard_University', 'https://en.wikipedia.org/wiki/Reuters']","['/wiki/Harvard_University', '/wiki/Reuters']"
17,17,17,17,Meteor origin,Meteor origin,Virus origin,"['/wiki/Edward_J._Steele', '/wiki/Chandra_Wickramasinghe', '/wiki/Panspermia', '/wiki/Meteorite', '/wiki/Songyuan', '/wiki/Astronomy.com']","['https://en.wikipedia.org/wiki/Edward_J._Steele', 'https://en.wikipedia.org/wiki/Chandra_Wickramasinghe', 'https://en.wikipedia.org/wiki/Panspermia', 'https://en.wikipedia.org/wiki/Meteorite', 'https://en.wikipedia.org/wiki/Songyuan', 'https://en.wikipedia.org/wiki/Astronomy.com']","['/wiki/Chandra_Wickramasinghe', '/wiki/Panspermia', '/wiki/Songyuan', '/wiki/Astronomy.com']"
18,18,18,18,National Center for Medical Intelligence intelligence report,National Center for Medical Intelligence intelligence report,Virus origin,"['/wiki/ABC_News', '/wiki/National_Center_for_Medical_Intelligence', '/wiki/Reverse_transcription_polymerase_chain_reaction', '/wiki/Kary_Mullis', '/wiki/Polymerase_chain_reaction', '/wiki/COVID-19_testing', '/wiki/Nobel_Prize_in_Chemistry', '/wiki/Federal_Office_of_Public_Health', '/wiki/Agence_France-Presse', '/wiki/National_Institute_of_Molecular_Biology_and_Biotechnology', '/wiki/Daily_Mail', '/wiki/The_Sun_(United_Kingdom)', '/wiki/Shenzhen']","['https://en.wikipedia.org/wiki/ABC_News', 'https://en.wikipedia.org/wiki/National_Center_for_Medical_Intelligence', 'https://en.wikipedia.org/wiki/Reverse_transcription_polymerase_chain_reaction', 'https://en.wikipedia.org/wiki/Kary_Mullis', 'https://en.wikipedia.org/wiki/Polymerase_chain_reaction', 'https://en.wikipedia.org/wiki/COVID-19_testing', 'https://en.wikipedia.org/wiki/Nobel_Prize_in_Chemistry', 'https://en.wikipedia.org/wiki/Federal_Office_of_Public_Health', 'https://en.wikipedia.org/wiki/Agence_France-Presse', 'https://en.wikipedia.org/wiki/National_Institute_of_Molecular_Biology_and_Biotechnology', 'https://en.wikipedia.org/wiki/Daily_Mail', 'https://en.wikipedia.org/wiki/The_Sun_(United_Kingdom)', 'https://en.wikipedia.org/wiki/Shenzhen']","['/wiki/ABC_News', '/wiki/Reverse_transcription_polymerase_chain_reaction', '/wiki/Kary_Mullis', '/wiki/Nobel_Prize_in_Chemistry', '/wiki/Federal_Office_of_Public_Health', '/wiki/National_Institute_of_Molecular_Biology_and_Biotechnology', '/wiki/The_Sun_(United_Kingdom)']"
19,19,19,19,In China,In China,Incidence and mortality,[],[],[]
20,20,20,20,Chinese under-reporting during early 2020,In China,Incidence and mortality,['/wiki/CNN'],['https://en.wikipedia.org/wiki/CNN'],['/wiki/CNN']
21,21,21,21,Nurse whistleblower,In China,Incidence and mortality,"['/wiki/Hubei', '/wiki/R_number']","['https://en.wikipedia.org/wiki/Hubei', 'https://en.wikipedia.org/wiki/R_number']","['/wiki/Hubei', '/wiki/R_number']"
22,22,22,22,Alleged leak of death toll by Tencent,In China,Incidence and mortality,"['/wiki/Taiwan_News', '/wiki/Tencent', '/wiki/Netizen', '/wiki/Daily_Mail', '/wiki/WION_(TV_channel)']","['https://en.wikipedia.org/wiki/Taiwan_News', 'https://en.wikipedia.org/wiki/Tencent', 'https://en.wikipedia.org/wiki/Netizen', 'https://en.wikipedia.org/wiki/Daily_Mail', 'https://en.wikipedia.org/wiki/WION_(TV_channel)']","['/wiki/Netizen', '/wiki/WION_(TV_channel)']"
23,23,23,23,Mass cremation in Wuhan,In China,Incidence and mortality,"['/wiki/Daily_Express', '/wiki/Daily_Mail', '/wiki/Taiwan_News', '/wiki/Snopes', '/wiki/Sulfur_dioxide', '/wiki/The_Epoch_Times', '/wiki/COVID-19_pandemic', '/wiki/Agence_France-Presse']","['https://en.wikipedia.org/wiki/Daily_Express', 'https://en.wikipedia.org/wiki/Daily_Mail', 'https://en.wikipedia.org/wiki/Taiwan_News', 'https://en.wikipedia.org/wiki/Snopes', 'https://en.wikipedia.org/wiki/Sulfur_dioxide', 'https://en.wikipedia.org/wiki/The_Epoch_Times', 'https://en.wikipedia.org/wiki/COVID-19_pandemic', 'https://en.wikipedia.org/wiki/Agence_France-Presse']",[]
24,24,24,24,Decline in cellphone subscriptions,In China,Incidence and mortality,"['/wiki/Social_impact_of_the_COVID-19_pandemic', '/wiki/Economic_impact_of_the_COVID-19_pandemic']","['https://en.wikipedia.org/wiki/Social_impact_of_the_COVID-19_pandemic', 'https://en.wikipedia.org/wiki/Economic_impact_of_the_COVID-19_pandemic']","['/wiki/Social_impact_of_the_COVID-19_pandemic', '/wiki/Economic_impact_of_the_COVID-19_pandemic']"
25,25,25,25,In the US,In the US,Incidence and mortality,"['/wiki/Fax', '/wiki/Contact_tracing', '/wiki/Case_finding']","['https://en.wikipedia.org/wiki/Fax', 'https://en.wikipedia.org/wiki/Contact_tracing', 'https://en.wikipedia.org/wiki/Case_finding']","['/wiki/Contact_tracing', '/wiki/Case_finding']"
26,26,26,26,Allegations of inflated death counts,In the US,Incidence and mortality,"['/wiki/Conspiracy_theory', '/wiki/Centers_for_Disease_Control_and_Prevention', '/wiki/National_Vital_Statistics_System', '/wiki/Mortality_displacement', '/wiki/FactCheck.org']","['https://en.wikipedia.org/wiki/Conspiracy_theory', 'https://en.wikipedia.org/wiki/Centers_for_Disease_Control_and_Prevention', 'https://en.wikipedia.org/wiki/National_Vital_Statistics_System', 'https://en.wikipedia.org/wiki/Mortality_displacement', 'https://en.wikipedia.org/wiki/FactCheck.org']","['/wiki/Conspiracy_theory', '/wiki/National_Vital_Statistics_System']"
27,27,27,27,Misleading Johns Hopkins News-Letter article,In the US,Incidence and mortality,['/wiki/The_Johns_Hopkins_News-Letter'],['https://en.wikipedia.org/wiki/The_Johns_Hopkins_News-Letter'],[]
28,28,28,28,Misinformation targeting Taiwan,Misinformation targeting Taiwan,Incidence and mortality,"['/wiki/Cross-Strait_relations', '/wiki/Central_News_Agency_(Republic_of_China)', '/wiki/COVID-19_pandemic_in_Taiwan', '/wiki/Tsai_Ing-wen', '/wiki/Mainland_China', '/wiki/Simplified_Chinese_characters', '/wiki/Ministry_of_Justice_Investigation_Bureau', '/wiki/Taiwan_Affairs_Office', '/wiki/Democratic_Progressive_Party', '/wiki/The_Washington_Post', '/wiki/Institute_for_the_Future', '/wiki/Great_Firewall', '/wiki/American_Institute_in_Taiwan']","['https://en.wikipedia.org/wiki/Cross-Strait_relations', 'https://en.wikipedia.org/wiki/Central_News_Agency_(Republic_of_China)', 'https://en.wikipedia.org/wiki/COVID-19_pandemic_in_Taiwan', 'https://en.wikipedia.org/wiki/Tsai_Ing-wen', 'https://en.wikipedia.org/wiki/Mainland_China', 'https://en.wikipedia.org/wiki/Simplified_Chinese_characters', 'https://en.wikipedia.org/wiki/Ministry_of_Justice_Investigation_Bureau', 'https://en.wikipedia.org/wiki/Taiwan_Affairs_Office', 'https://en.wikipedia.org/wiki/Democratic_Progressive_Party', 'https://en.wikipedia.org/wiki/The_Washington_Post', 'https://en.wikipedia.org/wiki/Institute_for_the_Future', 'https://en.wikipedia.org/wiki/Great_Firewall', 'https://en.wikipedia.org/wiki/American_Institute_in_Taiwan']","['/wiki/Cross-Strait_relations', '/wiki/Central_News_Agency_(Republic_of_China)', '/wiki/COVID-19_pandemic_in_Taiwan', '/wiki/Simplified_Chinese_characters', '/wiki/Ministry_of_Justice_Investigation_Bureau', '/wiki/Taiwan_Affairs_Office', '/wiki/The_Washington_Post', '/wiki/Great_Firewall', '/wiki/American_Institute_in_Taiwan']"
29,29,29,29,Misrepresented World Population Project map,Misrepresented World Population Project map,Incidence and mortality,['/wiki/University_of_Southampton'],['https://en.wikipedia.org/wiki/University_of_Southampton'],['/wiki/University_of_Southampton']
30,30,30,30,"""Casedemic""","""Casedemic""",Incidence and mortality,"['/wiki/COVID-19_denial', '/wiki/Anti-vaccination', '/wiki/David_Gorski', '/wiki/Joseph_Mercola', '/wiki/Polymerase_chain_reaction', '/wiki/Transmission_of_COVID-19#Asymptomatic_transmission', '/wiki/Respiratory_droplet']","['https://en.wikipedia.org/wiki/COVID-19_denial', 'https://en.wikipedia.org/wiki/Anti-vaccination', 'https://en.wikipedia.org/wiki/David_Gorski', 'https://en.wikipedia.org/wiki/Joseph_Mercola', 'https://en.wikipedia.org/wiki/Polymerase_chain_reaction', 'https://en.wikipedia.org/wiki/Transmission_of_COVID-19#Asymptomatic_transmission', 'https://en.wikipedia.org/wiki/Respiratory_droplet']","['/wiki/Joseph_Mercola', '/wiki/Respiratory_droplet']"
31,31,31,31,California herd immunity in 2019,California herd immunity in 2019,Disease spread,['/wiki/Victor_Davis_Hanson'],['https://en.wikipedia.org/wiki/Victor_Davis_Hanson'],['/wiki/Victor_Davis_Hanson']
32,32,32,32,Patient Zero,Patient Zero,Disease spread,"['/wiki/Index_case', '/wiki/2019_Military_World_Games', '/wiki/Benny_Benassi']","['https://en.wikipedia.org/wiki/Index_case', 'https://en.wikipedia.org/wiki/2019_Military_World_Games', 'https://en.wikipedia.org/wiki/Benny_Benassi']",['/wiki/Index_case']
33,33,33,33,Airborne,Airborne,Disease spread,"['/wiki/World_Health_Organization', '/wiki/Tedros_Adhanom_Ghebreyesus', '/wiki/Lidia_Morawska']","['https://en.wikipedia.org/wiki/World_Health_Organization', 'https://en.wikipedia.org/wiki/Tedros_Adhanom_Ghebreyesus', 'https://en.wikipedia.org/wiki/Lidia_Morawska']",[]
34,34,34,34,Surfaces,Surfaces,Disease spread,"['/wiki/Fomite', '/wiki/Centers_for_Disease_Control_and_Prevention', '/wiki/Handwashing']","['https://en.wikipedia.org/wiki/Fomite', 'https://en.wikipedia.org/wiki/Centers_for_Disease_Control_and_Prevention', 'https://en.wikipedia.org/wiki/Handwashing']",['/wiki/Fomite']
35,35,35,35,Susceptibility based on ethnicity,Susceptibility based on ethnicity,Disease spread,"['/wiki/Ethnicities', '/wiki/Zoonotic', '/wiki/Population_immunity', '/wiki/Mutahi_Kagwe', '/wiki/All_India_Institute_of_Medical_Sciences', '/wiki/Population_immunity', '/wiki/Supreme_Leader_of_Iran', '/wiki/Ali_Khamenei', '/wiki/COVID-19_pandemic_in_Iran']","['https://en.wikipedia.org/wiki/Ethnicities', 'https://en.wikipedia.org/wiki/Zoonotic', 'https://en.wikipedia.org/wiki/Population_immunity', 'https://en.wikipedia.org/wiki/Mutahi_Kagwe', 'https://en.wikipedia.org/wiki/All_India_Institute_of_Medical_Sciences', 'https://en.wikipedia.org/wiki/Population_immunity', 'https://en.wikipedia.org/wiki/Supreme_Leader_of_Iran', 'https://en.wikipedia.org/wiki/Ali_Khamenei', 'https://en.wikipedia.org/wiki/COVID-19_pandemic_in_Iran']","['/wiki/Zoonotic', '/wiki/Population_immunity', '/wiki/Mutahi_Kagwe', '/wiki/Population_immunity', '/wiki/COVID-19_pandemic_in_Iran']"
36,36,36,36,Xenophobic blaming by ethnicity and religion,Susceptibility based on ethnicity,Disease spread,"['/wiki/Xenophobia_and_racism_related_to_the_COVID-19_pandemic', '/wiki/Xenophobic', '/wiki/White_supremacist']","['https://en.wikipedia.org/wiki/Xenophobia_and_racism_related_to_the_COVID-19_pandemic', 'https://en.wikipedia.org/wiki/Xenophobic', 'https://en.wikipedia.org/wiki/White_supremacist']","['/wiki/Xenophobia_and_racism_related_to_the_COVID-19_pandemic', '/wiki/Xenophobic', '/wiki/White_supremacist']"
37,37,37,37,Bat soup,Bat soup,Disease spread,"['/wiki/Daily_Mail', '/wiki/RT_(TV_network)', '/wiki/Vlogger', '/wiki/Palau', '/wiki/Microblogging_in_China', '/wiki/Palauan_cuisine', '/wiki/Xenophobia_and_racism_related_to_the_COVID-19_pandemic']","['https://en.wikipedia.org/wiki/Daily_Mail', 'https://en.wikipedia.org/wiki/RT_(TV_network)', 'https://en.wikipedia.org/wiki/Vlogger', 'https://en.wikipedia.org/wiki/Palau', 'https://en.wikipedia.org/wiki/Microblogging_in_China', 'https://en.wikipedia.org/wiki/Palauan_cuisine', 'https://en.wikipedia.org/wiki/Xenophobia_and_racism_related_to_the_COVID-19_pandemic']","['/wiki/RT_(TV_network)', '/wiki/Vlogger', '/wiki/Palau', '/wiki/Microblogging_in_China', '/wiki/Xenophobia_and_racism_related_to_the_COVID-19_pandemic']"
38,38,38,38,Large gatherings,Large gatherings,Disease spread,[],[],[]
39,39,39,39,Lifetime of the virus,Lifetime of the virus,Disease spread,['/wiki/COVID-19_lockdown_in_India#Janata_Curfew'],['https://en.wikipedia.org/wiki/COVID-19_lockdown_in_India#Janata_Curfew'],[]
40,40,40,40,Mosquitoes,Mosquitoes,Disease spread,['/wiki/Mosquito'],['https://en.wikipedia.org/wiki/Mosquito'],['/wiki/Mosquito']
41,41,41,41,Contaminated objects,Contaminated objects,Disease spread,"['/wiki/Costco', '/wiki/Product_recall', '/wiki/Australia_Department_of_Health']","['https://en.wikipedia.org/wiki/Costco', 'https://en.wikipedia.org/wiki/Product_recall', 'https://en.wikipedia.org/wiki/Australia_Department_of_Health']","['/wiki/Costco', '/wiki/Product_recall', '/wiki/Australia_Department_of_Health']"
42,42,42,42,Cruise ships as safe havens,Cruise ships as safe havens,Disease spread,"['/wiki/COVID-19_pandemic_on_cruise_ships', '/wiki/Caribbean', '/wiki/Mediterranean', '/wiki/Persian_Gulf', '/wiki/Miami_New_Times', '/wiki/Norwegian_Cruise_Line', '/wiki/Sic', '/wiki/COVID-19_pandemic_on_cruise_ships', '/wiki/Dubai', '/wiki/Climate_of_Dubai', '/wiki/Dubai_International_Airport', '/wiki/COVID-19_pandemic_in_the_United_Arab_Emirates']","['https://en.wikipedia.org/wiki/COVID-19_pandemic_on_cruise_ships', 'https://en.wikipedia.org/wiki/Caribbean', 'https://en.wikipedia.org/wiki/Mediterranean', 'https://en.wikipedia.org/wiki/Persian_Gulf', 'https://en.wikipedia.org/wiki/Miami_New_Times', 'https://en.wikipedia.org/wiki/Norwegian_Cruise_Line', 'https://en.wikipedia.org/wiki/Sic', 'https://en.wikipedia.org/wiki/COVID-19_pandemic_on_cruise_ships', 'https://en.wikipedia.org/wiki/Dubai', 'https://en.wikipedia.org/wiki/Climate_of_Dubai', 'https://en.wikipedia.org/wiki/Dubai_International_Airport', 'https://en.wikipedia.org/wiki/COVID-19_pandemic_in_the_United_Arab_Emirates']","['/wiki/COVID-19_pandemic_on_cruise_ships', '/wiki/Caribbean', '/wiki/Miami_New_Times', '/wiki/Sic', '/wiki/COVID-19_pandemic_on_cruise_ships', '/wiki/Dubai_International_Airport', '/wiki/COVID-19_pandemic_in_the_United_Arab_Emirates']"
43,43,43,43,Breastfeeding,Breastfeeding,Disease spread,['/wiki/UNICEF'],['https://en.wikipedia.org/wiki/UNICEF'],['/wiki/UNICEF']
44,44,44,44,Sexual transmission and infertility,Sexual transmission and infertility,Disease spread,"['/wiki/Semen', '/wiki/Human_reproductive_system', '/wiki/Ebolavirus', '/wiki/Zika_virus', '/wiki/Azoospermia', '/wiki/Oligospermia', '/wiki/Spermatogonium', '/wiki/List_of_unproven_methods_against_COVID-19', '/wiki/Face_masks_during_the_COVID-19_pandemic']","['https://en.wikipedia.org/wiki/Semen', 'https://en.wikipedia.org/wiki/Human_reproductive_system', 'https://en.wikipedia.org/wiki/Ebolavirus', 'https://en.wikipedia.org/wiki/Zika_virus', 'https://en.wikipedia.org/wiki/Azoospermia', 'https://en.wikipedia.org/wiki/Oligospermia', 'https://en.wikipedia.org/wiki/Spermatogonium', 'https://en.wikipedia.org/wiki/List_of_unproven_methods_against_COVID-19', 'https://en.wikipedia.org/wiki/Face_masks_during_the_COVID-19_pandemic']","['/wiki/Semen', '/wiki/Human_reproductive_system', '/wiki/Zika_virus', '/wiki/Azoospermia', '/wiki/Oligospermia', '/wiki/Spermatogonium', '/wiki/Face_masks_during_the_COVID-19_pandemic']"
45,45,45,45,"Hand sanitizer, antibacterial soaps","Hand sanitizer, antibacterial soaps",Prevention,"['/wiki/Hand_sanitizer', '/wiki/Antibacterial_soap']","['https://en.wikipedia.org/wiki/Hand_sanitizer', 'https://en.wikipedia.org/wiki/Antibacterial_soap']",['/wiki/Antibacterial_soap']
46,46,46,46,Public use of face masks,Public use of face masks,Prevention,"['/wiki/Face_masks_during_the_COVID-19_pandemic', '/wiki/U.S._Surgeon_General', '/wiki/Jerome_Adams', '/wiki/U.S._Surgeon_General', '/wiki/Jerome_Adams', '/wiki/Anthony_Fauci', '/wiki/White_House_Coronavirus_Task_Force', '/wiki/Neck_gaiter#2020', '/wiki/Neck_gaiter', '/wiki/Spandex', '/wiki/Warren_S._Warren', '/wiki/Hypoxemia', '/wiki/Hypercapnia', '/wiki/Antibiotic-resistant', '/wiki/Pneumonia', '/wiki/Americans_with_Disabilities_Act', '/wiki/United_States_Department_of_Justice']","['https://en.wikipedia.org/wiki/Face_masks_during_the_COVID-19_pandemic', 'https://en.wikipedia.org/wiki/U.S._Surgeon_General', 'https://en.wikipedia.org/wiki/Jerome_Adams', 'https://en.wikipedia.org/wiki/U.S._Surgeon_General', 'https://en.wikipedia.org/wiki/Jerome_Adams', 'https://en.wikipedia.org/wiki/Anthony_Fauci', 'https://en.wikipedia.org/wiki/White_House_Coronavirus_Task_Force', 'https://en.wikipedia.org/wiki/Neck_gaiter#2020', 'https://en.wikipedia.org/wiki/Neck_gaiter', 'https://en.wikipedia.org/wiki/Spandex', 'https://en.wikipedia.org/wiki/Warren_S._Warren', 'https://en.wikipedia.org/wiki/Hypoxemia', 'https://en.wikipedia.org/wiki/Hypercapnia', 'https://en.wikipedia.org/wiki/Antibiotic-resistant', 'https://en.wikipedia.org/wiki/Pneumonia', 'https://en.wikipedia.org/wiki/Americans_with_Disabilities_Act', 'https://en.wikipedia.org/wiki/United_States_Department_of_Justice']","['/wiki/Face_masks_during_the_COVID-19_pandemic', '/wiki/White_House_Coronavirus_Task_Force', '/wiki/Neck_gaiter', '/wiki/Warren_S._Warren', '/wiki/Hypoxemia', '/wiki/Hypercapnia', '/wiki/Pneumonia', '/wiki/Americans_with_Disabilities_Act', '/wiki/United_States_Department_of_Justice']"
47,47,47,47,"Alcohol, tobacco, and other drugs","Alcohol, tobacco, and other drugs",Prevention,"['/wiki/Short-term_effects_of_alcohol_consumption', '/wiki/Long-term_effects_of_alcohol', '/wiki/Drinking_alcohol', '/wiki/Ethanol', '/wiki/Hand_sanitizer', '/wiki/Wood_alcohol', '/wiki/Ethanol#Denatured_alcohol', '/wiki/Isopropanol', '/wiki/Methanol', '/wiki/Methanol_toxicity', '/wiki/Alcohol_in_Iran', '/wiki/Bootleg_alcohol', '/wiki/Bootleg_alcohol#Safety', '/wiki/Associated_Press', '/wiki/Mike_Sonko', '/wiki/Hennessy', '/wiki/Tobacco_smoking', '/wiki/Tobacco_smoking', '/wiki/Transdermal', '/wiki/Nicotine', '/wiki/French_Ministry_of_Health', '/wiki/World_Health_Organization']","['https://en.wikipedia.org/wiki/Short-term_effects_of_alcohol_consumption', 'https://en.wikipedia.org/wiki/Long-term_effects_of_alcohol', 'https://en.wikipedia.org/wiki/Drinking_alcohol', 'https://en.wikipedia.org/wiki/Ethanol', 'https://en.wikipedia.org/wiki/Hand_sanitizer', 'https://en.wikipedia.org/wiki/Wood_alcohol', 'https://en.wikipedia.org/wiki/Ethanol#Denatured_alcohol', 'https://en.wikipedia.org/wiki/Isopropanol', 'https://en.wikipedia.org/wiki/Methanol', 'https://en.wikipedia.org/wiki/Methanol_toxicity', 'https://en.wikipedia.org/wiki/Alcohol_in_Iran', 'https://en.wikipedia.org/wiki/Bootleg_alcohol', 'https://en.wikipedia.org/wiki/Bootleg_alcohol#Safety', 'https://en.wikipedia.org/wiki/Associated_Press', 'https://en.wikipedia.org/wiki/Mike_Sonko', 'https://en.wikipedia.org/wiki/Hennessy', 'https://en.wikipedia.org/wiki/Tobacco_smoking', 'https://en.wikipedia.org/wiki/Tobacco_smoking', 'https://en.wikipedia.org/wiki/Transdermal', 'https://en.wikipedia.org/wiki/Nicotine', 'https://en.wikipedia.org/wiki/French_Ministry_of_Health', 'https://en.wikipedia.org/wiki/World_Health_Organization']","['/wiki/Short-term_effects_of_alcohol_consumption', '/wiki/Long-term_effects_of_alcohol', '/wiki/Ethanol', '/wiki/Isopropanol', '/wiki/Bootleg_alcohol', '/wiki/Associated_Press', '/wiki/Hennessy', '/wiki/Tobacco_smoking', '/wiki/Tobacco_smoking', '/wiki/Transdermal', '/wiki/Nicotine', '/wiki/French_Ministry_of_Health']"
48,48,48,48,Warm or hot drinks,Warm or hot drinks,Prevention,"['/wiki/Alberto_Fernández', '/wiki/Oral_mucosa']","['https://en.wikipedia.org/wiki/Alberto_Fernández', 'https://en.wikipedia.org/wiki/Oral_mucosa']",['/wiki/Oral_mucosa']
49,49,49,49,Religious protection,Religious protection,Prevention,"['/wiki/River_of_Grace_Community_Church', '/wiki/Shincheonji_Church_of_Jesus', '/wiki/Daegu', '/wiki/John_Magufuli', '/wiki/Body_of_Christ', '/wiki/Church_of_Greece', '/wiki/Holy_Communion', '/wiki/Holy_Synod#The_Greek_Holy_Synod', '/wiki/Tablighi_Jamaat', '/wiki/Ijtema', '/wiki/2020_Tablighi_Jamaat_COVID-19_hotspot_in_Malaysia', '/wiki/2020_Tablighi_Jamaat_coronavirus_hotspot_in_Delhi', '/wiki/2020_Tablighi_Jamaat_coronavirus_hotspot_in_Pakistan', '/wiki/Fatima_Masumeh_Shrine', '/wiki/Somalia', '/wiki/Muslims']","['https://en.wikipedia.org/wiki/River_of_Grace_Community_Church', 'https://en.wikipedia.org/wiki/Shincheonji_Church_of_Jesus', 'https://en.wikipedia.org/wiki/Daegu', 'https://en.wikipedia.org/wiki/John_Magufuli', 'https://en.wikipedia.org/wiki/Body_of_Christ', 'https://en.wikipedia.org/wiki/Church_of_Greece', 'https://en.wikipedia.org/wiki/Holy_Communion', 'https://en.wikipedia.org/wiki/Holy_Synod#The_Greek_Holy_Synod', 'https://en.wikipedia.org/wiki/Tablighi_Jamaat', 'https://en.wikipedia.org/wiki/Ijtema', 'https://en.wikipedia.org/wiki/2020_Tablighi_Jamaat_COVID-19_hotspot_in_Malaysia', 'https://en.wikipedia.org/wiki/2020_Tablighi_Jamaat_coronavirus_hotspot_in_Delhi', 'https://en.wikipedia.org/wiki/2020_Tablighi_Jamaat_coronavirus_hotspot_in_Pakistan', 'https://en.wikipedia.org/wiki/Fatima_Masumeh_Shrine', 'https://en.wikipedia.org/wiki/Somalia', 'https://en.wikipedia.org/wiki/Muslims']","['/wiki/Body_of_Christ', '/wiki/Church_of_Greece', '/wiki/Holy_Communion', '/wiki/Ijtema', '/wiki/2020_Tablighi_Jamaat_coronavirus_hotspot_in_Pakistan', '/wiki/Somalia', '/wiki/Muslims']"
50,50,50,50,Helicopter spraying,Helicopter spraying,Prevention,"['/wiki/Sri_Lanka', '/wiki/Philippines', '/wiki/India']","['https://en.wikipedia.org/wiki/Sri_Lanka', 'https://en.wikipedia.org/wiki/Philippines', 'https://en.wikipedia.org/wiki/India']","['/wiki/Philippines', '/wiki/India']"
51,51,51,51,Food,Food,Prevention,"['/wiki/World_Health_Organization', '/wiki/Datura', '/wiki/TikTok', '/wiki/Vegetarian']","['https://en.wikipedia.org/wiki/World_Health_Organization', 'https://en.wikipedia.org/wiki/Datura', 'https://en.wikipedia.org/wiki/TikTok', 'https://en.wikipedia.org/wiki/Vegetarian']",['/wiki/Vegetarian']
52,52,52,52,Vitamin D,Vitamin D,Prevention,"['/wiki/Vitamin_D#COVID-19', '/wiki/COVID-19_drug_repurposing_research#Vitamin_D', '/wiki/Vitamin_D', '/wiki/COVID-19_pandemic_in_Thailand', '/wiki/Intensive_care', '/wiki/National_Institute_for_Health_and_Care_Excellence', '/wiki/COVID-19_vaccine_misinformation_and_hesitancy', '/wiki/Misinformation_related_to_vaccination', '/wiki/Vaccine_hesitancy', '/wiki/London', '/wiki/Anti-vaccination', '/wiki/Conspiracy_theory', '/wiki/Misinformation', '/wiki/COVID-19_vaccine', '/wiki/Richard_Epstein', '/wiki/Hashtag', '/wiki/Hoax', '/wiki/List_of_unproven_methods_against_COVID-19']","['https://en.wikipedia.org/wiki/Vitamin_D#COVID-19', 'https://en.wikipedia.org/wiki/COVID-19_drug_repurposing_research#Vitamin_D', 'https://en.wikipedia.org/wiki/Vitamin_D', 'https://en.wikipedia.org/wiki/COVID-19_pandemic_in_Thailand', 'https://en.wikipedia.org/wiki/Intensive_care', 'https://en.wikipedia.org/wiki/National_Institute_for_Health_and_Care_Excellence', 'https://en.wikipedia.org/wiki/COVID-19_vaccine_misinformation_and_hesitancy', 'https://en.wikipedia.org/wiki/Misinformation_related_to_vaccination', 'https://en.wikipedia.org/wiki/Vaccine_hesitancy', 'https://en.wikipedia.org/wiki/London', 'https://en.wikipedia.org/wiki/Anti-vaccination', 'https://en.wikipedia.org/wiki/Conspiracy_theory', 'https://en.wikipedia.org/wiki/Misinformation', 'https://en.wikipedia.org/wiki/COVID-19_vaccine', 'https://en.wikipedia.org/wiki/Richard_Epstein', 'https://en.wikipedia.org/wiki/Hashtag', 'https://en.wikipedia.org/wiki/Hoax', 'https://en.wikipedia.org/wiki/List_of_unproven_methods_against_COVID-19']","['/wiki/Vitamin_D', '/wiki/COVID-19_pandemic_in_Thailand', '/wiki/National_Institute_for_Health_and_Care_Excellence', '/wiki/London', '/wiki/Conspiracy_theory', '/wiki/Misinformation', '/wiki/Hoax']"
53,53,53,53,Herbal treatments,Herbal treatments,Treatment,"['/wiki/Chinese_Academy_of_Sciences', '/wiki/Shuanghuanglian', '/wiki/Traditional_Chinese_medicine', '/wiki/Madagascar', '/wiki/Andry_Rajoelina', '/wiki/Artemisia_(genus)', '/wiki/Echinacea', '/wiki/Virucidal', '/wiki/Coronavirus', '/wiki/SARS-CoV-2', '/wiki/Cell_culture']","['https://en.wikipedia.org/wiki/Chinese_Academy_of_Sciences', 'https://en.wikipedia.org/wiki/Shuanghuanglian', 'https://en.wikipedia.org/wiki/Traditional_Chinese_medicine', 'https://en.wikipedia.org/wiki/Madagascar', 'https://en.wikipedia.org/wiki/Andry_Rajoelina', 'https://en.wikipedia.org/wiki/Artemisia_(genus)', 'https://en.wikipedia.org/wiki/Echinacea', 'https://en.wikipedia.org/wiki/Virucidal', 'https://en.wikipedia.org/wiki/Coronavirus', 'https://en.wikipedia.org/wiki/SARS-CoV-2', 'https://en.wikipedia.org/wiki/Cell_culture']","['/wiki/Madagascar', '/wiki/Andry_Rajoelina', '/wiki/Artemisia_(genus)', '/wiki/Echinacea', '/wiki/Virucidal', '/wiki/Cell_culture']"
54,54,54,54,Vitamin C,Vitamin C,Treatment,"['/wiki/Vitamin_C#COVID-19', '/wiki/COVID-19_pandemic', '/wiki/Vitamin_C', '/wiki/Quackery', '/wiki/National_Institutes_of_Health']","['https://en.wikipedia.org/wiki/Vitamin_C#COVID-19', 'https://en.wikipedia.org/wiki/COVID-19_pandemic', 'https://en.wikipedia.org/wiki/Vitamin_C', 'https://en.wikipedia.org/wiki/Quackery', 'https://en.wikipedia.org/wiki/National_Institutes_of_Health']","['/wiki/Vitamin_C', '/wiki/National_Institutes_of_Health']"
55,55,55,55,Common cold and flu treatments,Common cold and flu treatments,Treatment,"['/wiki/Aspirin', '/wiki/Antihistamines', '/wiki/Coronavirus', '/wiki/Olivier_Véran', '/wiki/The_Lancet_Respiratory_Medicine', '/wiki/Ibuprofen', '/wiki/European_Medicines_Agency']","['https://en.wikipedia.org/wiki/Aspirin', 'https://en.wikipedia.org/wiki/Antihistamines', 'https://en.wikipedia.org/wiki/Coronavirus', 'https://en.wikipedia.org/wiki/Olivier_Véran', 'https://en.wikipedia.org/wiki/The_Lancet_Respiratory_Medicine', 'https://en.wikipedia.org/wiki/Ibuprofen', 'https://en.wikipedia.org/wiki/European_Medicines_Agency']",['/wiki/Antihistamines']
56,56,56,56,Cow dung and urine,Cow dung and urine,Treatment,"['/wiki/Chakrapani_(politician)', '/wiki/Member_of_the_Legislative_Assembly_(India)', '/wiki/Suman_Haripriya', '/wiki/Manipur', '/wiki/National_Security_Act_(India)', '/wiki/Indian_Penal_Code', '/wiki/Soumya_Swaminathan_(scientist)']","['https://en.wikipedia.org/wiki/Chakrapani_(politician)', 'https://en.wikipedia.org/wiki/Member_of_the_Legislative_Assembly_(India)', 'https://en.wikipedia.org/wiki/Suman_Haripriya', 'https://en.wikipedia.org/wiki/Manipur', 'https://en.wikipedia.org/wiki/National_Security_Act_(India)', 'https://en.wikipedia.org/wiki/Indian_Penal_Code', 'https://en.wikipedia.org/wiki/Soumya_Swaminathan_(scientist)']","['/wiki/Member_of_the_Legislative_Assembly_(India)', '/wiki/Indian_Penal_Code', '/wiki/Soumya_Swaminathan_(scientist)']"
57,57,57,57,2-Deoxy-D-glucose,2-Deoxy-D-glucose,Treatment,"['/wiki/2-Deoxy-D-glucose', '/wiki/Drugs_Controller_General_of_India', '/wiki/World_Health_Organization', '/wiki/DRDO', ""/wiki/Dr._Reddy's_Laboratories"", '/wiki/The_Wire_(India)', '/wiki/The_Hindu', '/wiki/Preprint']","['https://en.wikipedia.org/wiki/2-Deoxy-D-glucose', 'https://en.wikipedia.org/wiki/Drugs_Controller_General_of_India', 'https://en.wikipedia.org/wiki/World_Health_Organization', 'https://en.wikipedia.org/wiki/DRDO', ""https://en.wikipedia.org/wiki/Dr._Reddy's_Laboratories"", 'https://en.wikipedia.org/wiki/The_Wire_(India)', 'https://en.wikipedia.org/wiki/The_Hindu', 'https://en.wikipedia.org/wiki/Preprint']","['/wiki/Drugs_Controller_General_of_India', '/wiki/DRDO', '/wiki/The_Wire_(India)', '/wiki/The_Hindu']"
58,58,58,58,Traditional Chinese Medicine (TCM) prescriptions,Traditional Chinese Medicine (TCM) prescriptions,Treatment,"['/wiki/National_Health_Commission', '/wiki/Traditional_Chinese_medicine', '/wiki/China_Central_Television', '/wiki/State_media', ""/wiki/People's_Daily"", '/wiki/The_Daily_Telegraph']","['https://en.wikipedia.org/wiki/National_Health_Commission', 'https://en.wikipedia.org/wiki/Traditional_Chinese_medicine', 'https://en.wikipedia.org/wiki/China_Central_Television', 'https://en.wikipedia.org/wiki/State_media', ""https://en.wikipedia.org/wiki/People's_Daily"", 'https://en.wikipedia.org/wiki/The_Daily_Telegraph']","['/wiki/National_Health_Commission', '/wiki/China_Central_Television', '/wiki/The_Daily_Telegraph']"
59,59,59,59,Chloroquine and hydroxychloroquine,Chloroquine and hydroxychloroquine,Treatment,"['/wiki/COVID-19_drug_repurposing_research#Chloroquine_and_hydroxychloroquine', '/wiki/Hydroxychloroquine#COVID-19', '/wiki/Chloroquine#COVID-19', '/wiki/Chloroquine']","['https://en.wikipedia.org/wiki/COVID-19_drug_repurposing_research#Chloroquine_and_hydroxychloroquine', 'https://en.wikipedia.org/wiki/Hydroxychloroquine#COVID-19', 'https://en.wikipedia.org/wiki/Chloroquine#COVID-19', 'https://en.wikipedia.org/wiki/Chloroquine']",[]
60,60,60,60,Ivermectin,Ivermectin,Treatment,"['/wiki/Ivermectin_during_the_COVID-19_pandemic', '/wiki/Ivermectin', '/wiki/Antiparasitic', '/wiki/World_Health_Organization', '/wiki/European_Medicines_Agency', '/wiki/Food_and_Drug_Administration', '/wiki/Infectious_Diseases_Society_of_America', '/wiki/COVID-19', '/wiki/COVID-19_pandemic', '/wiki/Scientific_misconduct', '/wiki/Cause_célèbre', '/wiki/Anti-vaccine_activism', '/wiki/Conspiracy_theory']","['https://en.wikipedia.org/wiki/Ivermectin_during_the_COVID-19_pandemic', 'https://en.wikipedia.org/wiki/Ivermectin', 'https://en.wikipedia.org/wiki/Antiparasitic', 'https://en.wikipedia.org/wiki/World_Health_Organization', 'https://en.wikipedia.org/wiki/European_Medicines_Agency', 'https://en.wikipedia.org/wiki/Food_and_Drug_Administration', 'https://en.wikipedia.org/wiki/Infectious_Diseases_Society_of_America', 'https://en.wikipedia.org/wiki/COVID-19', 'https://en.wikipedia.org/wiki/COVID-19_pandemic', 'https://en.wikipedia.org/wiki/Scientific_misconduct', 'https://en.wikipedia.org/wiki/Cause_célèbre', 'https://en.wikipedia.org/wiki/Anti-vaccine_activism', 'https://en.wikipedia.org/wiki/Conspiracy_theory']","['/wiki/Food_and_Drug_Administration', '/wiki/Infectious_Diseases_Society_of_America', '/wiki/Conspiracy_theory']"
61,61,61,61,Dangerous treatments,Dangerous treatments,Treatment,"['/wiki/QAnon', '/wiki/Miracle_Mineral_Supplement', '/wiki/Chlorine_dioxide', '/wiki/Datura', '/wiki/TikTok', '/wiki/Anticholinergic']","['https://en.wikipedia.org/wiki/QAnon', 'https://en.wikipedia.org/wiki/Miracle_Mineral_Supplement', 'https://en.wikipedia.org/wiki/Chlorine_dioxide', 'https://en.wikipedia.org/wiki/Datura', 'https://en.wikipedia.org/wiki/TikTok', 'https://en.wikipedia.org/wiki/Anticholinergic']","['/wiki/Chlorine_dioxide', '/wiki/Anticholinergic']"
62,62,62,62,Silver,Silver,Treatment,"['/wiki/Televangelist', '/wiki/Jim_Bakker', '/wiki/Colloidal_silver', '/wiki/Naturopath', '/wiki/Alex_Jones']","['https://en.wikipedia.org/wiki/Televangelist', 'https://en.wikipedia.org/wiki/Jim_Bakker', 'https://en.wikipedia.org/wiki/Colloidal_silver', 'https://en.wikipedia.org/wiki/Naturopath', 'https://en.wikipedia.org/wiki/Alex_Jones']","['/wiki/Televangelist', '/wiki/Colloidal_silver', '/wiki/Naturopath']"
63,63,63,63,Mustard oil,Mustard oil,Treatment,"['/wiki/Ramdev', '/wiki/Gastric_acid']","['https://en.wikipedia.org/wiki/Ramdev', 'https://en.wikipedia.org/wiki/Gastric_acid']",['/wiki/Gastric_acid']
64,64,64,64,Untested treatments,Untested treatments,Treatment,"['/wiki/Donald_Trump', '/wiki/Disinfectant', '/wiki/Ultraviolet_light', '/wiki/Janata_curfew', '/wiki/WhatsApp', '/wiki/Federal_Bureau_of_Investigation', '/wiki/Wire_fraud']","['https://en.wikipedia.org/wiki/Donald_Trump', 'https://en.wikipedia.org/wiki/Disinfectant', 'https://en.wikipedia.org/wiki/Ultraviolet_light', 'https://en.wikipedia.org/wiki/Janata_curfew', 'https://en.wikipedia.org/wiki/WhatsApp', 'https://en.wikipedia.org/wiki/Federal_Bureau_of_Investigation', 'https://en.wikipedia.org/wiki/Wire_fraud']",['/wiki/Ultraviolet_light']
65,65,65,65,Spiritual healing,Spiritual healing,Treatment,['/wiki/Kenneth_Copeland'],['https://en.wikipedia.org/wiki/Kenneth_Copeland'],[]
66,66,66,66,Organ trafficking,Organ trafficking,Treatment,[],[],[]
67,67,67,67,COVID-19 and variant related claims,COVID-19 and variant related claims,Vaccine misinformation,[],[],[]
68,68,68,68,Prevalent COVID-19 skepticism,COVID-19 and variant related claims,Vaccine misinformation,"['/wiki/President_of_Tanzania', '/wiki/John_Magufuli', '/wiki/Tanzania']","['https://en.wikipedia.org/wiki/President_of_Tanzania', 'https://en.wikipedia.org/wiki/John_Magufuli', 'https://en.wikipedia.org/wiki/Tanzania']","['/wiki/President_of_Tanzania', '/wiki/Tanzania']"
69,69,69,69,Delta variant and vaccines,COVID-19 and variant related claims,Vaccine misinformation,"['/wiki/Delta_variant', '/wiki/COVID-19_misinformation#Antibody-dependent_enhancement', '/wiki/Natural_News', '/wiki/Rochelle_Walensky', '/wiki/Superspreader', '/wiki/Viral_load', '/wiki/New_England_Journal_of_Medicine', '/wiki/Pfizer–BioNTech_COVID-19_vaccine']","['https://en.wikipedia.org/wiki/Delta_variant', 'https://en.wikipedia.org/wiki/COVID-19_misinformation#Antibody-dependent_enhancement', 'https://en.wikipedia.org/wiki/Natural_News', 'https://en.wikipedia.org/wiki/Rochelle_Walensky', 'https://en.wikipedia.org/wiki/Superspreader', 'https://en.wikipedia.org/wiki/Viral_load', 'https://en.wikipedia.org/wiki/New_England_Journal_of_Medicine', 'https://en.wikipedia.org/wiki/Pfizer–BioNTech_COVID-19_vaccine']","['/wiki/Natural_News', '/wiki/Viral_load', '/wiki/New_England_Journal_of_Medicine']"
70,70,70,70,Organized crime,Organized crime,Vaccine misinformation,[],[],[]
71,71,71,71,Fake vaccines,Organized crime,Vaccine misinformation,"['/wiki/Saline_(medicine)', '/wiki/Oxford–AstraZeneca_COVID-19_vaccine', '/wiki/Mumbai', '/wiki/Interpol', '/wiki/World_Health_Organization']","['https://en.wikipedia.org/wiki/Saline_(medicine)', 'https://en.wikipedia.org/wiki/Oxford–AstraZeneca_COVID-19_vaccine', 'https://en.wikipedia.org/wiki/Mumbai', 'https://en.wikipedia.org/wiki/Interpol', 'https://en.wikipedia.org/wiki/World_Health_Organization']","['/wiki/Saline_(medicine)', '/wiki/Mumbai']"
72,72,72,72,Fake vaccination cards,Organized crime,Vaccine misinformation,"['/wiki/U.S._Customs_and_Border_Protection', '/wiki/Shenzhen', '/wiki/Check_Point']","['https://en.wikipedia.org/wiki/U.S._Customs_and_Border_Protection', 'https://en.wikipedia.org/wiki/Shenzhen', 'https://en.wikipedia.org/wiki/Check_Point']","['/wiki/U.S._Customs_and_Border_Protection', '/wiki/Check_Point']"
73,73,73,73,Medical claims,Medical claims,Vaccine misinformation,['/wiki/COVID-19_vaccine#Adverse_events'],['https://en.wikipedia.org/wiki/COVID-19_vaccine#Adverse_events'],[]
74,74,74,74,Claims of inefficacy,Medical claims,Vaccine misinformation,"['/wiki/Base_rate_fallacy', '/wiki/Yule–Simpson_effect', '/wiki/Ron_DeSantis', '/wiki/PolitiFact']","['https://en.wikipedia.org/wiki/Base_rate_fallacy', 'https://en.wikipedia.org/wiki/Yule–Simpson_effect', 'https://en.wikipedia.org/wiki/Ron_DeSantis', 'https://en.wikipedia.org/wiki/PolitiFact']","['/wiki/Yule–Simpson_effect', '/wiki/Ron_DeSantis']"
75,75,75,75,mRNA vaccines are not vaccines,Medical claims,Vaccine misinformation,"['/wiki/COVID-19_vaccine#Adverse_events', '/wiki/MRNA_vaccine', '/wiki/Transmission_of_SARS-CoV-2', '/wiki/Transmission_of_COVID-19#Effect_of_vaccination']","['https://en.wikipedia.org/wiki/COVID-19_vaccine#Adverse_events', 'https://en.wikipedia.org/wiki/MRNA_vaccine', 'https://en.wikipedia.org/wiki/Transmission_of_SARS-CoV-2', 'https://en.wikipedia.org/wiki/Transmission_of_COVID-19#Effect_of_vaccination']",['/wiki/MRNA_vaccine']
76,76,76,76,Altering human DNA,Medical claims,Vaccine misinformation,"['/wiki/Grafton,_Wisconsin_vaccine_tampering_incident', '/wiki/Ozaukee_County', '/wiki/Cytosol', '/wiki/Retrovirus', '/wiki/Severe_acute_respiratory_syndrome_coronavirus_2', '/wiki/Reverse_transcriptase', '/wiki/Reverse_transcriptase#Process_of_reverse_transcription_or_retrotranscription']","['https://en.wikipedia.org/wiki/Grafton,_Wisconsin_vaccine_tampering_incident', 'https://en.wikipedia.org/wiki/Ozaukee_County', 'https://en.wikipedia.org/wiki/Cytosol', 'https://en.wikipedia.org/wiki/Retrovirus', 'https://en.wikipedia.org/wiki/Severe_acute_respiratory_syndrome_coronavirus_2', 'https://en.wikipedia.org/wiki/Reverse_transcriptase', 'https://en.wikipedia.org/wiki/Reverse_transcriptase#Process_of_reverse_transcription_or_retrotranscription']","['/wiki/Ozaukee_County', '/wiki/Cytosol', '/wiki/Retrovirus', '/wiki/Reverse_transcriptase']"
77,77,77,77,Reproductive health,Medical claims,Vaccine misinformation,"['/wiki/European_Medicines_Agency', '/wiki/Wolfgang_Wodarg', '/wiki/Michael_Yeadon', '/wiki/MRNA_vaccine', '/wiki/Infertility', '/wiki/Syncytin-1', '/wiki/Andrologia', '/wiki/Emergency_Use_Authorization', '/wiki/SARS-CoV-2_spike_protein', '/wiki/Amino_acid', '/wiki/David_Gorski', '/wiki/Science-Based_Medicine', '/wiki/Vaccine_shedding', '/wiki/Menstrual_irregularities', '/wiki/Miscarriage', '/wiki/Centner_Academy', '/wiki/Jen_Gunter']","['https://en.wikipedia.org/wiki/European_Medicines_Agency', 'https://en.wikipedia.org/wiki/Wolfgang_Wodarg', 'https://en.wikipedia.org/wiki/Michael_Yeadon', 'https://en.wikipedia.org/wiki/MRNA_vaccine', 'https://en.wikipedia.org/wiki/Infertility', 'https://en.wikipedia.org/wiki/Syncytin-1', 'https://en.wikipedia.org/wiki/Andrologia', 'https://en.wikipedia.org/wiki/Emergency_Use_Authorization', 'https://en.wikipedia.org/wiki/SARS-CoV-2_spike_protein', 'https://en.wikipedia.org/wiki/Amino_acid', 'https://en.wikipedia.org/wiki/David_Gorski', 'https://en.wikipedia.org/wiki/Science-Based_Medicine', 'https://en.wikipedia.org/wiki/Vaccine_shedding', 'https://en.wikipedia.org/wiki/Menstrual_irregularities', 'https://en.wikipedia.org/wiki/Miscarriage', 'https://en.wikipedia.org/wiki/Centner_Academy', 'https://en.wikipedia.org/wiki/Jen_Gunter']","['/wiki/MRNA_vaccine', '/wiki/Infertility', '/wiki/Andrologia', '/wiki/Emergency_Use_Authorization', '/wiki/Amino_acid', '/wiki/Science-Based_Medicine', '/wiki/Menstrual_irregularities', '/wiki/Miscarriage', '/wiki/Jen_Gunter']"
78,78,78,78,Risk of diseases,Medical claims,Vaccine misinformation,[],[],[]
79,79,79,79,Bell's palsy,Medical claims,Vaccine misinformation,"[""/wiki/Bell's_palsy""]","[""https://en.wikipedia.org/wiki/Bell's_palsy""]",[]
80,80,80,80,Blood clots,Medical claims,Vaccine misinformation,"['/wiki/Facebook', '/wiki/Instagram', '/wiki/Blood_clot', '/wiki/Janssen_COVID-19_vaccine', '/wiki/Thrombosis_with_thrombocytopenia_syndrome', '/wiki/British_Medical_Journal']","['https://en.wikipedia.org/wiki/Facebook', 'https://en.wikipedia.org/wiki/Instagram', 'https://en.wikipedia.org/wiki/Blood_clot', 'https://en.wikipedia.org/wiki/Janssen_COVID-19_vaccine', 'https://en.wikipedia.org/wiki/Thrombosis_with_thrombocytopenia_syndrome', 'https://en.wikipedia.org/wiki/British_Medical_Journal']","['/wiki/Instagram', '/wiki/Blood_clot']"
81,81,81,81,Cancer,Medical claims,Vaccine misinformation,"['/wiki/Natural_News', '/wiki/Cancer', '/wiki/Tumor-suppressing_protein', '/wiki/Memorial_Sloan_Kettering_Cancer_Center', '/wiki/Transcription_(biology)']","['https://en.wikipedia.org/wiki/Natural_News', 'https://en.wikipedia.org/wiki/Cancer', 'https://en.wikipedia.org/wiki/Tumor-suppressing_protein', 'https://en.wikipedia.org/wiki/Memorial_Sloan_Kettering_Cancer_Center', 'https://en.wikipedia.org/wiki/Transcription_(biology)']","['/wiki/Natural_News', '/wiki/Memorial_Sloan_Kettering_Cancer_Center', '/wiki/Transcription_(biology)']"
82,82,82,82,Prion disease,Medical claims,Vaccine misinformation,"['/wiki/COVID-19', '/wiki/Prion', '/wiki/J._Bart_Classen', ""/wiki/Beall's_list"", '/wiki/Predatory_journal', '/wiki/NewsGuard', '/wiki/Vincent_Racaniello', '/wiki/Dementia']","['https://en.wikipedia.org/wiki/COVID-19', 'https://en.wikipedia.org/wiki/Prion', 'https://en.wikipedia.org/wiki/J._Bart_Classen', ""https://en.wikipedia.org/wiki/Beall's_list"", 'https://en.wikipedia.org/wiki/Predatory_journal', 'https://en.wikipedia.org/wiki/NewsGuard', 'https://en.wikipedia.org/wiki/Vincent_Racaniello', 'https://en.wikipedia.org/wiki/Dementia']","['/wiki/J._Bart_Classen', '/wiki/Predatory_journal', '/wiki/NewsGuard', '/wiki/Dementia']"
83,83,83,83,Polio vaccine as a claimed COVID-19 carrier,Medical claims,Vaccine misinformation,"['/wiki/Cameroon', '/wiki/Polio_vaccine', '/wiki/Polio_eradication']","['https://en.wikipedia.org/wiki/Cameroon', 'https://en.wikipedia.org/wiki/Polio_vaccine', 'https://en.wikipedia.org/wiki/Polio_eradication']",['/wiki/Polio_vaccine']
84,84,84,84,Antibody-dependent enhancement,Medical claims,Vaccine misinformation,"['/wiki/Antibody-dependent_enhancement', '/wiki/In_vitro', '/wiki/SARS-CoV', '/wiki/SARS', '/wiki/Anti-vaccination']","['https://en.wikipedia.org/wiki/Antibody-dependent_enhancement', 'https://en.wikipedia.org/wiki/In_vitro', 'https://en.wikipedia.org/wiki/SARS-CoV', 'https://en.wikipedia.org/wiki/SARS', 'https://en.wikipedia.org/wiki/Anti-vaccination']","['/wiki/Antibody-dependent_enhancement', '/wiki/In_vitro']"
85,85,85,85,Vaccines contain aborted fetal tissue,Medical claims,Vaccine misinformation,"['/wiki/Use_of_fetal_tissue_in_vaccine_development', '/wiki/Oxford–AstraZeneca_COVID-19_vaccine', '/wiki/Cell_line']","['https://en.wikipedia.org/wiki/Use_of_fetal_tissue_in_vaccine_development', 'https://en.wikipedia.org/wiki/Oxford–AstraZeneca_COVID-19_vaccine', 'https://en.wikipedia.org/wiki/Cell_line']",[]
86,86,86,86,Spike protein cytotoxicity,Medical claims,Vaccine misinformation,"['/wiki/SARS-CoV-2_spike_protein', '/wiki/Cytotoxicity']","['https://en.wikipedia.org/wiki/SARS-CoV-2_spike_protein', 'https://en.wikipedia.org/wiki/Cytotoxicity']",['/wiki/Cytotoxicity']
87,87,87,87,Acquired immunodeficiency syndrome,Medical claims,Vaccine misinformation,"['/wiki/The_Exposé', '/wiki/UK_Health_Security_Agency', '/wiki/AIDS', '/wiki/Jair_Bolsonaro', '/wiki/Facebook', '/wiki/Instagram', '/wiki/YouTube']","['https://en.wikipedia.org/wiki/The_Exposé', 'https://en.wikipedia.org/wiki/UK_Health_Security_Agency', 'https://en.wikipedia.org/wiki/AIDS', 'https://en.wikipedia.org/wiki/Jair_Bolsonaro', 'https://en.wikipedia.org/wiki/Facebook', 'https://en.wikipedia.org/wiki/Instagram', 'https://en.wikipedia.org/wiki/YouTube']","['/wiki/AIDS', '/wiki/Instagram']"
88,88,88,88,Vaccines as a cause of death,Medical claims,Vaccine misinformation,"['/wiki/United_States_Department_of_Health_and_Human_Services', '/wiki/Vaccine_Adverse_Event_Reporting_System', '/wiki/National_Vaccine_Information_Center', '/wiki/OpenVAERS', '/wiki/Facebook', '/wiki/South_Florida_Sun-Sentinel', '/wiki/Robert_F._Kennedy_Jr.', '/wiki/Del_Bigtree', '/wiki/Hank_Aaron', '/wiki/Florida', '/wiki/Surgeon_General', '/wiki/Joseph_Ladapo', '/wiki/Florida_Department_of_Health', '/wiki/Heart_problems', '/wiki/Peer-reviewed', '/wiki/Scientific_journal', '/wiki/Steve_Kirsch', '/wiki/Entrepreneur', '/wiki/MRNA_vaccines', '/wiki/JAMA', '/wiki/Myocarditis', '/wiki/Falun_Gong', '/wiki/New_Tang_Dynasty_Television', '/wiki/MVC_COVID-19_vaccine']","['https://en.wikipedia.org/wiki/United_States_Department_of_Health_and_Human_Services', 'https://en.wikipedia.org/wiki/Vaccine_Adverse_Event_Reporting_System', 'https://en.wikipedia.org/wiki/National_Vaccine_Information_Center', 'https://en.wikipedia.org/wiki/OpenVAERS', 'https://en.wikipedia.org/wiki/Facebook', 'https://en.wikipedia.org/wiki/South_Florida_Sun-Sentinel', 'https://en.wikipedia.org/wiki/Robert_F._Kennedy_Jr.', 'https://en.wikipedia.org/wiki/Del_Bigtree', 'https://en.wikipedia.org/wiki/Hank_Aaron', 'https://en.wikipedia.org/wiki/Florida', 'https://en.wikipedia.org/wiki/Surgeon_General', 'https://en.wikipedia.org/wiki/Joseph_Ladapo', 'https://en.wikipedia.org/wiki/Florida_Department_of_Health', 'https://en.wikipedia.org/wiki/Heart_problems', 'https://en.wikipedia.org/wiki/Peer-reviewed', 'https://en.wikipedia.org/wiki/Scientific_journal', 'https://en.wikipedia.org/wiki/Steve_Kirsch', 'https://en.wikipedia.org/wiki/Entrepreneur', 'https://en.wikipedia.org/wiki/MRNA_vaccines', 'https://en.wikipedia.org/wiki/JAMA', 'https://en.wikipedia.org/wiki/Myocarditis', 'https://en.wikipedia.org/wiki/Falun_Gong', 'https://en.wikipedia.org/wiki/New_Tang_Dynasty_Television', 'https://en.wikipedia.org/wiki/MVC_COVID-19_vaccine']","['/wiki/United_States_Department_of_Health_and_Human_Services', '/wiki/Vaccine_Adverse_Event_Reporting_System', '/wiki/National_Vaccine_Information_Center', '/wiki/South_Florida_Sun-Sentinel', '/wiki/Robert_F._Kennedy_Jr.', '/wiki/Del_Bigtree', '/wiki/Surgeon_General', '/wiki/Florida_Department_of_Health', '/wiki/Heart_problems', '/wiki/Peer-reviewed', '/wiki/Scientific_journal', '/wiki/JAMA', '/wiki/Myocarditis', '/wiki/New_Tang_Dynasty_Television']"
89,89,89,89,Vaccine contains tracking agent,Medical claims,Vaccine misinformation,"['/wiki/Newsmax', '/wiki/Moderna', '/wiki/Luciferase']","['https://en.wikipedia.org/wiki/Newsmax', 'https://en.wikipedia.org/wiki/Moderna', 'https://en.wikipedia.org/wiki/Luciferase']",['/wiki/Newsmax']
90,90,90,90,Vaccine 'reversal' and detox,Medical claims,Vaccine misinformation,"['/wiki/Magnesium_sulfate', '/wiki/Borax', '/wiki/Bentonite']","['https://en.wikipedia.org/wiki/Magnesium_sulfate', 'https://en.wikipedia.org/wiki/Borax', 'https://en.wikipedia.org/wiki/Bentonite']","['/wiki/Magnesium_sulfate', '/wiki/Borax', '/wiki/Bentonite']"
91,91,91,91,"Approved vaccines ""not available"" in the United States",Medical claims,Vaccine misinformation,"['/wiki/Emergency_Use_Authorization', '/wiki/Pfizer_vaccine', '/wiki/United_States_Adopted_Name', '/wiki/Ron_Johnson', '/wiki/First_Liberty_Institute', '/wiki/Public_Readiness_and_Emergency_Preparedness_Act', '/wiki/Countermeasures_Injury_Compensation_Program']","['https://en.wikipedia.org/wiki/Emergency_Use_Authorization', 'https://en.wikipedia.org/wiki/Pfizer_vaccine', 'https://en.wikipedia.org/wiki/United_States_Adopted_Name', 'https://en.wikipedia.org/wiki/Ron_Johnson', 'https://en.wikipedia.org/wiki/First_Liberty_Institute', 'https://en.wikipedia.org/wiki/Public_Readiness_and_Emergency_Preparedness_Act', 'https://en.wikipedia.org/wiki/Countermeasures_Injury_Compensation_Program']","['/wiki/Emergency_Use_Authorization', '/wiki/United_States_Adopted_Name', '/wiki/Public_Readiness_and_Emergency_Preparedness_Act']"
92,92,92,92,"Vaccines as an ""operating system""",Medical claims,Vaccine misinformation,['/wiki/Reification_fallacy'],['https://en.wikipedia.org/wiki/Reification_fallacy'],['/wiki/Reification_fallacy']
93,93,93,93,Socially based claims,Socially based claims,Vaccine misinformation,['/wiki/Protests_over_responses_to_the_COVID-19_pandemic'],['https://en.wikipedia.org/wiki/Protests_over_responses_to_the_COVID-19_pandemic'],['/wiki/Protests_over_responses_to_the_COVID-19_pandemic']
94,94,94,94,Claims about a vaccine before one existed,Socially based claims,Vaccine misinformation,"['/wiki/PolitiFact', '/wiki/FactCheck.org', '/wiki/Severe_acute_respiratory_syndrome–related_coronavirus']","['https://en.wikipedia.org/wiki/PolitiFact', 'https://en.wikipedia.org/wiki/FactCheck.org', 'https://en.wikipedia.org/wiki/Severe_acute_respiratory_syndrome–related_coronavirus']",['/wiki/Severe_acute_respiratory_syndrome–related_coronavirus']
95,95,95,95,Magnetization,Socially based claims,Vaccine misinformation,"['/wiki/Human_magnetism', '/wiki/Instagram', '/wiki/Facebook', '/wiki/Twitter', '/wiki/YouTube', '/wiki/TikTok', '/wiki/Microchip', '/wiki/Sherri_Tenpenny', '/wiki/5G', '/wiki/Ferromagnetic', '/wiki/Silicon', '/wiki/PH_buffer']","['https://en.wikipedia.org/wiki/Human_magnetism', 'https://en.wikipedia.org/wiki/Instagram', 'https://en.wikipedia.org/wiki/Facebook', 'https://en.wikipedia.org/wiki/Twitter', 'https://en.wikipedia.org/wiki/YouTube', 'https://en.wikipedia.org/wiki/TikTok', 'https://en.wikipedia.org/wiki/Microchip', 'https://en.wikipedia.org/wiki/Sherri_Tenpenny', 'https://en.wikipedia.org/wiki/5G', 'https://en.wikipedia.org/wiki/Ferromagnetic', 'https://en.wikipedia.org/wiki/Silicon', 'https://en.wikipedia.org/wiki/PH_buffer']","['/wiki/Human_magnetism', '/wiki/Instagram', '/wiki/Microchip', '/wiki/Sherri_Tenpenny', '/wiki/Ferromagnetic', '/wiki/Silicon', '/wiki/PH_buffer']"
96,96,96,96,Disappearing needles,Socially based claims,Vaccine misinformation,"['/wiki/Safety_syringe', '/wiki/Needlestick']","['https://en.wikipedia.org/wiki/Safety_syringe', 'https://en.wikipedia.org/wiki/Needlestick']",['/wiki/Safety_syringe']
97,97,97,97,Political divides and distrust in government,Socially based claims,Vaccine misinformation,"['/wiki/QAnon', '/wiki/Romana_Didulo', '/wiki/Telegram_(software)', '/wiki/Anti-statism', '/wiki/Sovereign_citizen_movement', '/wiki/Freeman_on_the_land', '/wiki/Florian_Philippot', '/wiki/Nicolas_Dupont-Aignan', '/wiki/2022_French_presidential_election']","['https://en.wikipedia.org/wiki/QAnon', 'https://en.wikipedia.org/wiki/Romana_Didulo', 'https://en.wikipedia.org/wiki/Telegram_(software)', 'https://en.wikipedia.org/wiki/Anti-statism', 'https://en.wikipedia.org/wiki/Sovereign_citizen_movement', 'https://en.wikipedia.org/wiki/Freeman_on_the_land', 'https://en.wikipedia.org/wiki/Florian_Philippot', 'https://en.wikipedia.org/wiki/Nicolas_Dupont-Aignan', 'https://en.wikipedia.org/wiki/2022_French_presidential_election']","['/wiki/Telegram_(software)', '/wiki/Freeman_on_the_land', '/wiki/Florian_Philippot']"
98,98,98,98,Government investigations,Government investigations,Vaccine misinformation,"['/wiki/Ron_DeSantis', '/wiki/Grand_jury', '/wiki/Vaccine_hesitancy', '/wiki/Vaccine_misinformation', '/wiki/Center_for_Disease_Control']","['https://en.wikipedia.org/wiki/Ron_DeSantis', 'https://en.wikipedia.org/wiki/Grand_jury', 'https://en.wikipedia.org/wiki/Vaccine_hesitancy', 'https://en.wikipedia.org/wiki/Vaccine_misinformation', 'https://en.wikipedia.org/wiki/Center_for_Disease_Control']","['/wiki/Ron_DeSantis', '/wiki/Center_for_Disease_Control']"
